{
  "accuracy": 0.975,
  "precision": 1.0,
  "recall": 0.9636363636363636,
  "f1_score": 0.9814814814814815
}